Gen,Fuente,Prioridad
FLI1,PanelApp_545,1
F5,PanelApp_545,1
F2,PanelApp_545,1
GGCX,PanelApp_545,1
GFI1B,PanelApp_545,1
GBA,PanelApp_545,1
GATA1,PanelApp_545,1
FYB1,PanelApp_545,1
FLNA,PanelApp_545,1
F7,PanelApp_545,1
FGG,PanelApp_545,1
TBXAS1,PanelApp_175,1
TBXA2R,PanelApp_175,1
STXBP2,PanelApp_175,1
STIM1,PanelApp_175,1
SRC,PanelApp_175,1
SMAD4,PanelApp_175,1
SLFN14,PanelApp_175,1
F10,PanelApp_545,1
CDC42,PanelApp_545,1
BLOC1S6,PanelApp_545,1
BLOC1S5,PanelApp_545,1
BLOC1S3,PanelApp_545,1
F13B,PanelApp_545,1
F13A1,PanelApp_545,1
F12,PanelApp_545,1
F11,PanelApp_545,1
SLC45A2,PanelApp_175,1
ETV6,PanelApp_545,1
ENG,PanelApp_545,1
DTNBP1,PanelApp_545,1
FGB,PanelApp_545,1
FGA,PanelApp_545,1
FERMT3,PanelApp_545,1
F9,PanelApp_545,1
F8,PanelApp_545,1
NBEA,PanelApp_175,1
KNG1,PanelApp_175,1
KLKB1,PanelApp_175,1
KDSR,PanelApp_175,1
ITGB3,PanelApp_175,1
ITGA2B,PanelApp_175,1
IKZF5,PanelApp_175,1
HRG,PanelApp_175,1
HPS6,PanelApp_175,1
ACTN1,PanelApp_545,1
MYH9,PanelApp_175,1
MPL,PanelApp_175,1
MPIG6B,PanelApp_175,1
MECOM,PanelApp_175,1
MCFD2,PanelApp_175,1
LYST,PanelApp_175,1
LMAN1,PanelApp_175,1
PTPN11,PanelApp_175,1
ACTB,PanelApp_545,1
WAS,PanelApp_175,1
VWF,PanelApp_175,1
VPS33B,PanelApp_175,1
VKORC1,PanelApp_175,1
VIPAS39,PanelApp_175,1
TUBB1,PanelApp_175,1
THPO,PanelApp_175,1
THBD,PanelApp_175,1
CHST14,PanelApp_545,1
ABCG8,PanelApp_545,1
ABCG5,PanelApp_545,1
ARPC1B,PanelApp_545,1
AP3D1,PanelApp_545,1
AP3B1,PanelApp_545,1
ANO6,PanelApp_545,1
ANKRD26,PanelApp_545,1
ACVRL1,PanelApp_545,1
SERPINF2,PanelApp_545,1
TPM4,PanelApp_545,1
TNXB,PanelApp_545,1
ADAMTS13,ClinGen,1
SERPINE1,ClinGen,1
PROC,ClinGen,1
DIAPH1,ClinGen,1
COL3A1,ClinGen,1
HPS4,PanelApp_545,1
EPHB4,ClinGen,1
RBM8A,PanelApp_545,1
RUNX1,PanelApp_545,1
RASGRP2,PanelApp_545,1
PTGS1,PanelApp_545,1
PLAU,PanelApp_545,1
PLA2G4A,PanelApp_545,1
P2RY12,PanelApp_545,1
CYCS,PanelApp_545,1
HPS3,PanelApp_545,1
HPS1,PanelApp_545,1
GP9,PanelApp_545,1
GP6,PanelApp_545,1
GP1BB,PanelApp_545,1
GP1BA,PanelApp_545,1
GNE,PanelApp_545,1
HPS5,PanelApp_545,1
NBEAL2,PanelApp_545,1
PLG,ClinGen,1
HBB,ClinGen,1
COL1A1,PanelApp_175,1
COL5A1,PanelApp_175,1
COL5A2,PanelApp_175,1
PIGA,PanelApp_516,1
PROS1,PanelApp_516,1
AHCY,ClinGen,1
CP,ClinGen,1
EGLN1,ClinGen,1
HFE,ClinGen,1
TFR2,ClinGen,1
HJV,ClinGen,1
HAMP,ClinGen,1
SERPINC1,ClinGen,1
RNU4ATAC,PanelApp_175,1
SERPIND1,PanelApp_175,1
PLAT,PanelApp_175,1
HOXA11,PanelApp_175,1
TUBA4A,PanelApp_545,2
EPHB2,ClinGen,2
PIGM,ClinGen,2
MASTL,ClinGen,2
PROCR,PanelApp_516,2
F3,PanelApp_516,2
ABCC4,ClinGen,2
NOTCH3,ClinGen,2
RAP1B,ClinGen,2
APOLD1,ClinGen,2
TRPM7,PanelApp_545,2
PROZ,PanelApp_516,2
TFPI,PanelApp_516,2
MAST2,ClinGen,2
HBA2,ClinGen,2
GALE,PanelApp_545,2
F2R,PanelApp_545,2
LAT,PanelApp_175,2
ORAI1,PanelApp_175,2
RGS2,PanelApp_545,2
PTPRJ,PanelApp_545,2
P2RX1,PanelApp_545,2
MKL1,PanelApp_545,2
TUBA8,PanelApp_545,2
UNC13D,PanelApp_545,2
HBA1,ClinGen,2
NFE2,ClinGen,2
NFE2L2,ClinGen,2
FTH1,ClinGen,2
SLC35A1,PanelApp_175,2
PRKACG,ClinGen,3
DGKI,QuickGO_GO:0007596,4
MMRN1,QuickGO_GO:0007596,4
ANGPT1,QuickGO_GO:0007596,4
ADRA2C,QuickGO_GO:0007596,4
B7Z951,QuickGO_GO:0007596,4
B7Z9A9,QuickGO_GO:0007596,4
DGKB,QuickGO_GO:0007596,4
CD40LG,QuickGO_GO:0007596,4
MFSD2B,QuickGO_GO:0007599,4
A8K0I1,QuickGO_GO:0007599,4
A8K7T1,QuickGO_GO:0007599,4
A8K9A9,QuickGO_GO:0007599,4
B2R6E3,QuickGO_GO:0007599,4
B2R6M5,QuickGO_GO:0007599,4
B2R6V9,QuickGO_GO:0007599,4
TFPI2,QuickGO_GO:0007599,4
ADGRG1,QuickGO_GO:0007599,4
A0A8F0WPL7,QuickGO_GO:0007599,4
A0A8F0WPP1,QuickGO_GO:0007599,4
A0A8F0WQF6,QuickGO_GO:0007599,4
DGKE,QuickGO_GO:0007599,4
CD36,QuickGO_GO:0007599,4
A0A140VJJ6,QuickGO_GO:0007599,4
A0A140VKC1,QuickGO_GO:0007599,4
ATIII-R2,QuickGO_GO:0007599,4
GPR56,QuickGO_GO:0007599,4
B7Z1D9,QuickGO_GO:0007599,4
B7Z7R8,QuickGO_GO:0007599,4
B7Z8F6,QuickGO_GO:0007599,4
B4DPQ3,QuickGO_GO:0007599,4
B4DTQ9,QuickGO_GO:0007599,4
B4DYW1,QuickGO_GO:0007599,4
B4E183,QuickGO_GO:0007599,4
B4E1D3,QuickGO_GO:0007599,4
B4E3G9,QuickGO_GO:0007599,4
B3KQN7,QuickGO_GO:0007599,4
B3KQV4,QuickGO_GO:0007599,4
B3KVV1,QuickGO_GO:0007599,4
B4DDT3,QuickGO_GO:0007599,4
B4DM06,QuickGO_GO:0007599,4
B4DMR3,QuickGO_GO:0007599,4
B4DMX2,QuickGO_GO:0007599,4
B4DPM2,QuickGO_GO:0007599,4
B2R780,QuickGO_GO:0007599,4
B2R7F8,QuickGO_GO:0007599,4
B2R8B5,QuickGO_GO:0007599,4
B2R8Y9,QuickGO_GO:0007599,4
B2R9U4,QuickGO_GO:0007599,4
B2RBZ5,QuickGO_GO:0007599,4
B2RE67,QuickGO_GO:0007599,4
CPB2,QuickGO_GO:0007596,4
VAV1,QuickGO_GO:0007596,4
DGKH,QuickGO_GO:0007596,4
